row,query,label,complexity,recommended_llm,needs_followup,distractor_label,biomarkers,is_high_risk,query_length
501,Medical nutrition therapy for a 7-month-old preterm infant with cholestatic liver disease in Kenya,therapy,5,Mistral,False,recommendation,['bilirubin'],True,13
502,Recommend MCT oil-fortified local porridges for a preterm infant with fat malabsorption in Nigeria,recommendation,4,Mistral,True,therapy,['fat'],True,14
503,Compare DHA content in maternal breast milk vs donor milk for preterm infants in Ghana,comparison,4,Mistral,True,recommendation,['dha'],False,13
504,How does caffeine therapy affect feeding tolerance in preterm infants?,general,4,Mistral,False,therapy,[],False,8
505,What is the role of probiotics in preventing necrotizing enterocolitis in preterms?,general,4,Mistral,False,recommendation,[],True,9
506,Nutrition therapy for a 6yo with type 1 diabetes and diabetic ketoacidosis recovery in India,therapy,5,Mistral,False,recommendation,['glucose','ketones'],True,12
507,Recommend low-glycemic, high-fiber snacks for a 10yo with T1D in South Africa,recommendation,4,Mistral,True,therapy,['glycemic_index','fiber'],True,12
508,Compare postprandial glucose curves for millet vs sorghum porridge in T1D children in Nigeria,comparison,4,Mistral,True,therapy,['glucose'],False,13
509,How does insulin pump therapy improve quality of life in pediatric T1D?,general,3,Mistral,False,recommendation,[],False,9
510,What is the target time-in-range for children with type 1 diabetes?,general,3,Mistral,False,therapy,['glucose'],False,9
511,Medical nutrition therapy for a 4yo with multiple food allergies and faltering weight in Kenya,therapy,5,Mistral,False,recommendation,[],True,12
512,Recommend calcium-fortified, allergy-safe breakfast options for a 6yo in Ghana,recommendation,4,Mistral,True,therapy,['calcium'],True,10
513,Compare allergenic potential of lupin vs soy in milk-allergic children in Nigeria,comparison,4,Mistral,True,recommendation,[],False,10
514,How effective is epicutaneous immunotherapy for peanut allergy?,general,4,Mistral,False,therapy,[],True,7
515,What nutrients require monitoring during oral immunotherapy?,general,4,Mistral,False,recommendation,['protein','calories'],False,7
516,Nutrition therapy for a 7yo with cystic fibrosis and CFRD on insulin in India,therapy,5,Mistral,False,recommendation,['hba1c'],True,11
517,Recommend high-energy, low-carb local meals for a child with CFRD in South Africa,recommendation,5,Mistral,True,therapy,['carbohydrate'],True,11
518,Compare glycemic impact of plantain vs yam in CFRD children in Kenya,comparison,4,Mistral,True,therapy,['glycemic_index'],False,11
519,How does CFRD affect pancreatic enzyme dosing?,general,4,Mistral,False,recommendation,[],False,7
520,What is the role of annual oral glucose tolerance test in CF?,general,4,Mistral,False,therapy,[],False,9
521,Medical nutrition therapy for a 5yo with phenylketonuria (Phe 520 µmol/L) in Nigeria,therapy,5,Mistral,False,recommendation,['phenylalanine'],True,11
522,Recommend low-Phe local grains for a child with PKU in Ghana,recommendation,5,Mistral,True,therapy,['phenylalanine'],True,10
523,Compare tyrosine content in medical formula vs natural foods for PKU in India,comparison,4,Mistral,True,recommendation,['tyrosine'],False,12
524,How is blood Phe monitored in resource-limited settings?,general,4,Mistral,False,therapy,['phenylalanine'],True,8
525,What are neurocognitive outcomes in late-diagnosed PKU?,general,4,Mistral,False,recommendation,[],True,7
526,Ketogenic diet for a 6yo with West syndrome in Kenya,therapy,5,Mistral,False,recommendation,['weight'],True,8
527,Recommend selenium and carnitine monitoring schedule for long-term keto in Nigeria,recommendation,4,Mistral,True,therapy,['selenium','carnitine'],True,11
528,Compare urine ketone vs blood beta-hydroxybutyrate monitoring in pediatric keto in Ghana,comparison,4,Mistral,True,therapy,['ketones'],False,12
529,How does the ketogenic diet affect bone mineral density?,general,4,Mistral,False,recommendation,['calcium','vitamin_d'],True,8
530,What is the role of citrate supplementation in keto-induced kidney stones?,general,4,Mistral,False,therapy,['citrate'],True,9
531,Nutrition therapy for a 8yo with CKD stage 3 and hyperphosphatemia in India,therapy,5,Mistral,False,recommendation,['phosphate'],True,10
532,Recommend phosphate binder timing with local meals in South Africa,recommendation,5,Mistral,True,therapy,['phosphate'],True,9
533,Compare potassium content in boiled vs soaked leafy greens for CKD in Nigeria,comparison,4,Mistral,True,therapy,['potassium'],False,12
534,How does metabolic acidosis contribute to muscle wasting in CKD?,general,4,Mistral,False,recommendation,[],True,8
535,What is the target serum bicarbonate in pediatric CKD?,general,4,Mistral,False,therapy,['bicarbonate'],False,8
536,Medical nutrition therapy for a 5yo with Crohn’s disease and vitamin D deficiency in Kenya,therapy,5,Mistral,False,recommendation,['vitamin_d'],True,11
537,Recommend high-vitamin D, low-fiber foods for a child with IBD in Ghana,recommendation,5,Mistral,True,therapy,['vitamin_d'],True,10
538,Compare fecal calprotectin response to exclusive enteral nutrition vs steroids in Nigeria,comparison,4,Mistral,True,therapy,['fecal_calprotectin'],False,11
539,How does exclusive enteral nutrition affect growth in Crohn’s?,general,4,Mistral,False,recommendation,['weight'],True,8
540,What is the role of vitamin D in mucosal healing in IBD?,general,4,Mistral,False,therapy,['vitamin_d'],True,8
541,Recommend thickened, nutrient-dense smoothies for a 4yo with GERD and poor intake in India,recommendation,4,Mistral,True,therapy,[],False,11
542,Medical nutrition therapy for a 3yo with eosinophilic esophagitis on topical steroids in South Africa,therapy,5,Mistral,False,recommendation,[],True,11
543,Compare six-food elimination diet efficacy vs PPI therapy in Nigeria,comparison,4,Mistral,True,therapy,[],False,9
544,How is EoE remission confirmed endoscopically?,general,4,Mistral,False,recommendation,[],False,6
545,What is the role of dietary reintroduction in EoE management?,general,4,Mistral,False,therapy,[],False,8
546,Compare growth outcomes in preterm infants fed fortified human milk vs formula in Kenya,comparison,4,Mistral,True,therapy,[],False,11
547,How does kangaroo care affect preterm feeding progression?,general,4,Mistral,False,recommendation,[],True,7
548,Recommend strategies to prevent iron deficiency in ex-preterm infants in Ghana,recommendation,4,Mistral,True,therapy,['iron'],True,10
549,Medical nutrition therapy for a 7-month-old with preterm history and vitamin D deficiency in Nigeria,therapy,5,Mistral,False,recommendation,['vitamin_d'],True,13
550,What is the role of sunlight exposure in preterm vitamin D status?,general,4,Mistral,False,therapy,['vitamin_d'],False,8
551,Recommend carb distribution for a 14yo with T1D on college schedule in India,recommendation,4,Mistral,True,therapy,['carbohydrate'],True,11
552,Compare insulin pump site rotation strategies in hot climates in South Africa,comparison,3,TinyLlama,True,therapy,[],False,9
553,How does alcohol affect T1D in adolescents?,general,4,Mistral,False,recommendation,[],True,6
554,Medical nutrition therapy for a 16yo with T1D and pregnancy in Nigeria,therapy,5,Mistral,False,recommendation,['hba1c'],True,10
555,Recommend preconception folic acid dose for adolescents with T1D in Kenya,recommendation,4,Mistral,True,therapy,['folic_acid'],True,9
556,Compare food allergy resolution rates by allergen in Ghana,comparison,3,TinyLlama,True,therapy,[],False,8
557,How does eczema severity predict food allergy persistence?,general,4,Mistral,False,recommendation,[],False,7
558,Recommend reintroduction protocols for resolved milk allergy in Nigeria,recommendation,4,Mistral,True,therapy,[],False,8
559,Medical nutrition therapy for a 7yo with food-dependent exercise-induced anaphylaxis in India,therapy,5,Mistral,False,recommendation,[],True,11
560,Compare safe exercise timing after eating in FDEIA in South Africa,comparison,4,Mistral,True,therapy,[],False,9
561,How is FDEIA diagnosed?,general,3,Mistral,False,recommendation,[],False,4
562,Nutrition therapy for a 9yo with CF and CFRD on insulin pump in Kenya,therapy,5,Mistral,False,recommendation,['hba1c'],True,10
563,Recommend pump-compatible meal timing for CFRD in Ghana,recommendation,4,Mistral,True,therapy,['carbohydrate'],True,8
564,Compare insulin absorption with CF-related skin changes in Nigeria,comparison,4,Mistral,True,therapy,[],False,8
565,How does CFRD affect lung function decline?,general,4,Mistral,False,recommendation,[],True,6
566,What is the role of annual OGTT in CF?,general,4,Mistral,False,therapy,[],False,7
567,Medical nutrition therapy for a 5yo with argininosuccinic aciduria in India,therapy,5,Mistral,False,recommendation,['ammonia'],True,9
568,Recommend arginine supplementation strategies in ASA in South Africa,recommendation,5,Mistral,True,therapy,['arginine'],True,8
569,Compare liver fibrosis risk in different urea cycle disorders in Nigeria,comparison,4,Mistral,True,therapy,[],False,9
570,How is ASA monitored long-term?,general,4,Mistral,False,recommendation,['ammonia','arginine'],False,5
571,What is the role of liver transplant in ASA?,general,4,Mistral,False,therapy,[],True,6
572,Ketogenic diet for a 6yo with myoclonic-astatic epilepsy in Kenya,therapy,5,Mistral,False,recommendation,['weight'],True,8
573,Recommend ways to prevent dyslipidemia on long-term keto in Nigeria,recommendation,5,Mistral,True,therapy,['lipids'],True,9
574,Compare lipid-lowering strategies in pediatric keto in Ghana,comparison,4,Mistral,True,therapy,['lipids'],False,8
575,How does the ketogenic diet affect endothelial function?,general,4,Mistral,False,recommendation,[],True,6
576,What is the role of omega-3 in keto cardiovascular protection?,general,4,Mistral,False,therapy,['omega_3'],False,8
577,Nutrition therapy for a 12yo with CKD stage 4 and growth hormone deficiency in India,therapy,5,Mistral,False,recommendation,['egfr','igf1'],True,11
578,Recommend growth hormone-compatible meals for CKD in South Africa,recommendation,5,Mistral,True,therapy,['protein'],True,8
579,Compare IGF-1 response to nutritional rehabilitation in CKD in Nigeria,comparison,4,Mistral,True,therapy,['igf1'],False,9
580,How does growth hormone affect phosphate metabolism in CKD?,general,4,Mistral,False,recommendation,['phosphate'],True,8
581,What is the role of rhGH in pediatric CKD?,general,4,Mistral,False,therapy,[],True,6
582,Medical nutrition therapy for a 7yo with ulcerative colitis and primary sclerosing cholangitis in Kenya,therapy,5,Mistral,False,recommendation,['bilirubin'],True,12
583,Recommend fat-soluble vitamin monitoring for PSC-IBD in Ghana,recommendation,5,Mistral,True,therapy,['vitamin_a','vitamin_d','vitamin_e','vitamin_k'],True,10
584,Compare liver enzyme patterns in PSC vs autoimmune hepatitis in Nigeria,comparison,4,Mistral,True,therapy,['alt','ast'],False,9
585,How does PSC affect nutrition in IBD?,general,4,Mistral,False,recommendation,[],True,6
586,What is the role of UDCA in PSC?,general,4,Mistral,False,therapy,[],False,5
587,Recommend high-calorie, low-acid meals for a 5yo with GERD and esophagitis in India,recommendation,5,Mistral,True,therapy,[],True,11
588,Medical nutrition therapy for a 4yo with eosinophilic colitis in South Africa,therapy,5,Mistral,False,recommendation,[],True,8
589,Compare elimination diet efficacy in EoC vs EoE in Nigeria,comparison,4,Mistral,True,therapy,[],False,8
590,How is EoC diagnosed?,general,3,Mistral,False,recommendation,[],False,4
591,What is the natural history of EoC?,general,3,TinyLlama,False,therapy,[],False,5
592,Compare preterm DHA supplementation outcomes on neurodevelopment in Kenya,comparison,4,Mistral,True,therapy,['dha'],False,8
593,How does DHA affect visual acuity in preterms?,general,4,Mistral,False,recommendation,['dha'],False,7
594,Recommend DHA-rich local foods for preterm mothers in Ghana,recommendation,4,Mistral,True,therapy,['dha'],False,9
595,Medical nutrition therapy for a 8-month-old with preterm history and zinc deficiency in Nigeria,therapy,5,Mistral,False,recommendation,['zinc'],True,12
596,What is the role of zinc in preterm immune function?,general,4,Mistral,False,therapy,['zinc'],False,7
597,How does zinc deficiency present in preterms?,general,4,Mistral,False,recommendation,['zinc'],False,6
598,Recommend insulin dose adjustment for high-fat meals in a 13yo with T1D in India,recommendation,5,Mistral,True,therapy,['insulin'],True,12
599,Compare fat-protein unit calculation methods in T1D in South Africa,comparison,4,Mistral,True,therapy,['fat','protein'],False,9
600,How does fat affect postprandial glucose in T1D?,general,4,Mistral,False,recommendation,['glucose'],False,7
601,Medical nutrition therapy for a 15yo with T1D and lipohypertrophy in Nigeria,therapy,5,Mistral,False,recommendation,[],True,9
602,Recommend site rotation strategies with cultural clothing in Kenya,recommendation,3,TinyLlama,True,therapy,[],False,8
603,Compare food allergy prevalence in atopic vs non-atopic children in Ghana,comparison,3,TinyLlama,True,therapy,[],False,9
604,How does atopy affect food allergy severity?,general,4,Mistral,False,recommendation,[],False,6
605,Recommend allergy action plans for school in Nigeria,recommendation,3,TinyLlama,True,therapy,[],False,7
606,Medical nutrition therapy for a 6yo with food allergy and anaphylaxis to cashew in India,therapy,5,Mistral,False,recommendation,[],True,11
607,Compare hidden cashew sources in local Indian sweets in South Africa,comparison,4,Mistral,True,therapy,[],False,9
608,How is cashew allergy different from peanut?,general,4,Mistral,False,recommendation,[],False,6
609,Nutrition therapy for a 10yo with CF and CFRD on GLP-1 agonist in Kenya,therapy,5,Mistral,False,recommendation,['hba1c'],True,10
610,Recommend GLP-1 agonist-compatible meal volumes for CFRD in Ghana,recommendation,4,Mistral,True,therapy,['volume'],True,9
611,Compare GLP-1 agonist side effects in CFRD vs obesity in Nigeria,comparison,3,TinyLlama,True,therapy,[],False,8
612,How do GLP-1 agonists affect pancreatic enzyme efficacy?,general,4,Mistral,False,recommendation,[],True,7
613,What is the role of dual-hormone artificial pancreas in CFRD?,general,4,Mistral,False,therapy,[],True,8
614,Medical nutrition therapy for a 5yo with isovaleric acidemia during illness in India,therapy,5,Mistral,False,recommendation,['ammonia','isovalerylglycine'],True,12
615,Recommend glycine supplementation for isovaleric acidemia in South Africa,recommendation,5,Mistral,True,therapy,['glycine'],True,8
616,Compare protein tolerance in isovaleric vs propionic acidemia in Nigeria,comparison,4,Mistral,True,therapy,['protein'],False,9
617,How is isovaleric acidemia diagnosed?,general,4,Mistral,False,recommendation,['isovalerylglycine'],False,5
618,What is the odor of isovaleric acidemia?,general,3,TinyLlama,False,therapy,[],False,6
619,Ketogenic diet for a 7yo with Lennox-Gastaut syndrome on felbamate in Kenya,therapy,5,Mistral,False,recommendation,['weight'],True,10
620,Recommend liver monitoring strategies on felbamate and keto in Nigeria,recommendation,5,Mistral,True,therapy,['alt','ast'],True,9
621,Compare felbamate hepatotoxicity risk with other antiepileptics in Ghana,comparison,4,Mistral,True,therapy,[],False,8
622,How does felbamate affect folate metabolism?,general,4,Mistral,False,recommendation,['folate'],True,6
623,What is the role of folate supplementation with felbamate?,general,4,Mistral,False,therapy,['folate'],False,7
624,Nutrition therapy for a 13yo with CKD stage 5 and hyperkalemia in India,therapy,5,Mistral,False,recommendation,['potassium'],True,10
625,Recommend emergency potassium-lowering dietary strategies in South Africa,recommendation,5,Mistral,True,therapy,['potassium'],True,8
626,Compare potassium binders with dietary restriction in Nigeria,comparison,4,Mistral,True,therapy,['potassium'],False,8
627,How does hyperkalemia present in children?,general,4,Mistral,False,recommendation,['potassium'],True,6
628,What is the role of ECG in hyperkalemia?,general,4,Mistral,False,therapy,[],True,6
629,Medical nutrition therapy for a 8yo with Crohn’s disease and iron deficiency anemia in Kenya,therapy,5,Mistral,False,recommendation,['iron','ferritin'],True,12
630,Recommend IV iron vs oral iron strategies in IBD in Ghana,recommendation,5,Mistral,True,therapy,['iron'],True,9
631,Compare hepcidin levels in IBD anemia vs iron deficiency in Nigeria,comparison,4,Mistral,True,therapy,['hepcidin','ferritin'],False,9
632,How does inflammation affect iron absorption in IBD?,general,4,Mistral,False,recommendation,['hepcidin','iron'],True,8
633,What is the role of ferric carboxymaltose in IBD?,general,4,Mistral,False,therapy,['iron'],True,7
634,Recommend thickened, low-acid, high-calorie meals for a 5yo with GERD and failure to thrive in India,recommendation,5,Mistral,True,therapy,[],True,13
635,Medical nutrition therapy for a 4yo with Sandifer syndrome and hiatal hernia in South Africa,therapy,5,Mistral,False,recommendation,[],True,10
636,Compare fundoplication outcomes with medical management in Nigeria,comparison,4,Mistral,True,therapy,[],False,8
637,How does hiatal hernia affect GERD severity?,general,4,Mistral,False,recommendation,[],False,6
638,What is the role of pH-impedance testing pre-fundoplication?,general,4,Mistral,False,therapy,[],False,7
639,Compare preterm probiotic supplementation strains for NEC prevention in Kenya,comparison,4,Mistral,True,therapy,[],False,9
640,How do probiotics affect preterm gut colonization?,general,4,Mistral,False,recommendation,[],True,6
641,Recommend evidence-based probiotic strains for preterms in Ghana,recommendation,4,Mistral,True,therapy,[],False,8
642,Medical nutrition therapy for a 9-month-old with preterm history and vitamin A deficiency in Nigeria,therapy,5,Mistral,False,recommendation,['vitamin_a'],True,13
643,What is the role of vitamin A in preterm lung development?,general,4,Mistral,False,therapy,['vitamin_a'],True,8
644,How does vitamin A deficiency present in preterms?,general,4,Mistral,False,recommendation,['vitamin_a'],False,6
645,Recommend carb counting for a 16yo with T1D starting university in India,recommendation,4,Mistral,True,therapy,['carbohydrate'],True,10
646,Compare continuous glucose monitoring accuracy in hot climates in South Africa,comparison,4,Mistral,True,therapy,['glucose'],False,8
647,How does travel affect T1D management?,general,4,Mistral,False,recommendation,[],False,5
648,Medical nutrition therapy for a 17yo with T1D and eating disorder in Nigeria,therapy,5,Mistral,False,recommendation,[],True,10
649,Recommend multidisciplinary team approach for T1D and eating disorders in Kenya,recommendation,4,Mistral,True,therapy,[],False,9
650,Compare long-term outcomes of early vs late food allergy introduction in Ghana,comparison,3,TinyLlama,True,therapy,[],False,9
651,Medical nutrition therapy for a 6-month-old preterm with bronchopulmonary dysplasia and failure to thrive in Nigeria,therapy,5,Mistral,False,recommendation,['weight'],True,14
652,Recommend calorie-dense fortifiers using local oils for preterm infants in Kenya,recommendation,4,Mistral,True,therapy,[],False,10
653,Compare protein requirements for preterm infants with vs without BPD in Ghana,comparison,4,Mistral,True,recommendation,['protein'],False,11
654,How does oxygen therapy increase energy expenditure in preterms?,general,4,Mistral,False,therapy,[],True,8
655,What is the role of fluid restriction in BPD management?,general,4,Mistral,False,recommendation,['fluid'],True,8
656,Nutrition therapy for a 7yo with type 1 diabetes and celiac disease in South Africa,therapy,5,Mistral,False,recommendation,['hba1c'],True,11
657,Recommend gluten-free, low-glycemic local snacks for T1D in Nigeria,recommendation,4,Mistral,True,therapy,['glycemic_index'],True,10
658,Compare glycemic index of gluten-free millet pasta vs rice pasta in Kenya,comparison,3,TinyLlama,True,therapy,['glycemic_index'],False,11
659,How does celiac disease affect diabetes control?,general,3,Mistral,False,recommendation,[],False,6
660,What is the risk of DKA during gastroenteritis in children with T1D?,general,4,Mistral,False,therapy,[],True,10
661,Medical nutrition therapy for a 3yo with FPIES to oats in Ghana,therapy,5,Mistral,False,recommendation,[],True,9
662,Recommend safe grains for a child with multiple food protein allergies in India,recommendation,5,Mistral,True,therapy,[],False,11
663,Compare allergenic potential of quinoa vs teff in food-allergic children in South Africa,comparison,3,TinyLlama,True,recommendation,[],False,11
664,How is oral immunotherapy monitored nutritionally?,general,4,Mistral,False,therapy,[],False,6
665,What nutrients are at risk during elimination diets for food allergy?,general,4,Mistral,False,recommendation,['calcium','vitamin_d','protein'],True,9
666,Nutrition therapy for a 6yo with CF and allergic bronchopulmonary aspergillosis in Nigeria,therapy,5,Mistral,False,recommendation,[],True,12
667,Recommend anti-inflammatory foods for a child with CF and chronic lung inflammation in Kenya,recommendation,4,Mistral,True,therapy,[],False,12
668,Compare omega-3 content in local fish vs supplements for CF in Ghana,comparison,3,TinyLlama,True,therapy,['omega_3'],False,12
669,How does azithromycin affect gut microbiome in cystic fibrosis?,general,4,Mistral,False,therapy,[],True,8
670,What is the role of probiotics in CF nutrition?,general,3,Mistral,False,recommendation,[],False,8
671,Medical nutrition therapy for a 5yo with propionic acidemia during illness in India,therapy,5,Mistral,False,recommendation,['ammonia'],True,12
672,Recommend emergency regimen for a child with methylmalonic acidemia in South Africa,recommendation,5,Mistral,True,therapy,[],True,11
673,Compare protein tolerance in different organic acidemias in Nigeria,comparison,4,Mistral,True,therapy,['protein'],False,9
674,How is carnitine used in organic acidemias?,general,4,Mistral,False,recommendation,['carnitine'],True,7
675,What labs indicate metabolic decompensation in IEMs?,general,4,Mistral,False,therapy,['ammonia','lactate','glucose'],True,8
676,Ketogenic diet for a 4yo with infantile spasms in Kenya,therapy,5,Mistral,False,recommendation,['weight'],True,8
677,Recommend ways to mask MCT oil taste in local foods for keto in Nigeria,recommendation,4,Mistral,True,therapy,[],False,12
678,Compare seizure freedom rates with keto vs modified Atkins in Ghana,comparison,4,Mistral,True,therapy,[],False,10
679,How does the ketogenic diet affect bone health?,general,4,Mistral,False,recommendation,['calcium','vitamin_d'],True,8
680,What is the role of urine ketone monitoring in pediatric keto?,general,3,Mistral,False,therapy,['ketones'],False,9
681,Nutrition therapy for a 8yo with CKD stage 4 (eGFR 28) in India,therapy,5,Mistral,False,recommendation,['egfr'],True,10
682,Recommend phosphate binder-compatible meals for a child with CKD in South Africa,recommendation,5,Mistral,True,therapy,['phosphate'],True,11
683,Compare potassium content in cooked vs raw leafy greens for CKD in Nigeria,comparison,4,Mistral,True,therapy,['potassium'],False,12
684,Why is metabolic acidosis common in advanced CKD?,general,4,Mistral,False,therapy,[],True,7
685,What is the role of bicarbonate supplementation in pediatric CKD?,general,4,Mistral,False,recommendation,[],False,9
686,Medical nutrition therapy for a 5yo with ulcerative colitis in remission in Kenya,therapy,4,Mistral,False,recommendation,[],True,11
687,Recommend iron-rich, low-fiber foods for a child with IBD and anemia in Ghana,recommendation,5,Mistral,True,therapy,['iron'],True,12
688,Compare zinc absorption in children with active vs quiescent Crohn’s in Nigeria,comparison,4,Mistral,True,therapy,['zinc'],False,12
689,How does exclusive enteral nutrition induce remission in Crohn’s?,general,4,Mistral,False,therapy,[],True,8
690,What are nutritional risks of long-term steroid use in IBD?,general,4,Mistral,False,recommendation,['calcium','vitamin_d'],True,9
691,Recommend high-protein, low-residue meals for a 6yo with IBD in India,recommendation,5,Mistral,True,therapy,['protein'],True,11
692,Medical nutrition therapy for a 3yo with GERD and neurodisability in South Africa,therapy,5,Mistral,False,recommendation,[],True,11
693,Compare efficacy of thickened feeds vs positional management for GERD in Nigeria,comparison,3,TinyLlama,True,therapy,[],False,10
694,How does GERD affect nutrient absorption in neurologically impaired children?,general,4,Mistral,False,therapy,[],True,10
695,What are safe feeding strategies for a child with GERD and aspiration risk in Kenya?,recommendation,5,Mistral,True,therapy,[],True,13
696,Compare energy needs of preterm vs term infants at 6 months corrected age in Ghana,comparison,3,TinyLlama,True,therapy,[],False,12
697,How does bronchopulmonary dysplasia increase calorie needs in preterm infants?,general,4,Mistral,False,therapy,[],True,9
698,Recommend fortified local foods for a 10-month-old ex-preterm in Nigeria,recommendation,4,Mistral,True,therapy,[],False,10
699,Medical nutrition therapy for a 6-month-old with preterm history and cholestasis in India,therapy,5,Mistral,False,recommendation,['bilirubin'],True,12
700,What is the role of medium-chain triglycerides in preterm nutrition?,general,4,Mistral,False,recommendation,['fat'],False,10
701,Recommend carbohydrate distribution for a 9yo with T1D on pump therapy in South Africa,recommendation,4,Mistral,True,therapy,['carbohydrate'],True,12
702,Compare insulin sensitivity between morning and evening in T1D children in Kenya,comparison,4,Mistral,True,therapy,['insulin'],False,11
703,How does puberty affect insulin resistance in adolescents with T1D?,general,4,Mistral,False,recommendation,[],False,9
704,Medical nutrition therapy for a 12yo with T1D and eating disorder in Nigeria,therapy,5,Mistral,False,recommendation,[],True,11
705,Recommend strategies to manage insulin stacking in active teens with T1D in Ghana,recommendation,4,Mistral,True,therapy,[],False,12
706,Compare allergen introduction timing for high-risk infants in India vs WHO guidelines,comparison,3,TinyLlama,True,therapy,[],False,11
707,How effective is early peanut introduction in preventing allergy in Africa?,general,3,TinyLlama,False,recommendation,[],False,9
708,Recommend safe weaning foods for a 5-month-old with strong family allergy history in South Africa,recommendation,4,Mistral,True,therapy,[],False,13
709,Medical nutrition therapy for a 2yo with anaphylaxis to sesame in Nigeria,therapy,5,Mistral,False,recommendation,[],True,9
710,Compare hidden sesame sources in local Nigerian vs Indian processed foods,comparison,4,Mistral,True,therapy,[],False,11
711,How does food allergy affect school performance?,general,3,Mistral,False,recommendation,[],False,6
712,Nutrition therapy for a 7yo with CF and CFRD on insulin in Kenya,therapy,5,Mistral,False,recommendation,['hba1c'],True,10
713,Recommend high-energy, low-carb meals for a child with CF and CFRD in Ghana,recommendation,5,Mistral,True,therapy,['carbohydrate'],True,11
714,Compare glycemic impact of local fruits in CF-related diabetes in Nigeria,comparison,4,Mistral,True,therapy,['glycemic_index'],False,10
715,What is the role of continuous glucose monitoring in CFRD?,general,4,Mistral,False,recommendation,['glucose'],False,8
716,How does CFRD differ from type 1 diabetes?,general,4,Mistral,False,therapy,[],False,7
717,Medical nutrition therapy for a 4yo with tyrosinemia on nitisinone in India,therapy,5,Mistral,False,recommendation,[],True,11
718,Recommend low-tyrosine, low-phenylalanine foods for a child with tyrosinemia in South Africa,recommendation,5,Mistral,True,therapy,['tyrosine','phenylalanine'],True,13
719,Compare natural protein allowance in tyrosinemia vs PKU in Nigeria,comparison,4,Mistral,True,therapy,['protein'],False,10
720,How is nitisinone monitored nutritionally?,general,4,Mistral,False,recommendation,[],False,5
721,What are ocular risks in tyrosinemia and dietary prevention?,general,4,Mistral,False,therapy,[],True,9
722,Ketogenic diet for a 5yo with tuberous sclerosis complex in Kenya,therapy,5,Mistral,False,recommendation,['weight'],True,9
723,Recommend selenium-rich foods for a child on long-term keto in Nigeria,recommendation,4,Mistral,True,therapy,['selenium'],True,10
724,Compare carnitine levels in children on valproate vs other antiepileptics in Ghana,comparison,4,Mistral,True,therapy,['carnitine'],False,12
725,How does the ketogenic diet affect lipid profiles?,general,4,Mistral,False,recommendation,['lipids'],True,8
726,What is the role of urine pH monitoring in keto?,general,3,Mistral,False,therapy,['ph'],False,8
727,Nutrition therapy for a 6yo with CKD stage 2 and hypertension in India,therapy,5,Mistral,False,recommendation,['egfr','sodium'],True,11
728,Recommend low-sodium, low-potassium snacks for a child with CKD in South Africa,recommendation,5,Mistral,True,therapy,['sodium','potassium'],True,12
729,Compare phosphate content in local dairy alternatives for CKD in Nigeria,comparison,4,Mistral,True,therapy,['phosphate'],False,11
730,How does anemia develop in chronic kidney disease?,general,4,Mistral,False,therapy,['iron','ferritin'],True,7
731,What is the role of erythropoietin in CKD nutrition?,general,4,Mistral,False,recommendation,[],False,8
732,Medical nutrition therapy for a 5yo with microscopic colitis in Kenya,therapy,4,Mistral,False,recommendation,[],True,9
733,Recommend low-FODMAP local foods for a child with IBS in Ghana,recommendation,4,Mistral,True,therapy,[],False,10
734,Compare lactose tolerance in children with post-infectious IBS in Nigeria,comparison,3,TinyLlama,True,therapy,['lactose'],False,10
735,How does gut dysbiosis affect nutrition in functional GI disorders?,general,4,Mistral,False,recommendation,[],True,8
736,What probiotics are evidence-based for pediatric IBS?,general,3,TinyLlama,False,recommendation,[],False,7
737,Recommend high-calorie, easy-to-digest meals for a 4yo with GERD in India,recommendation,4,Mistral,True,therapy,[],False,11
738,Medical nutrition therapy for a 3yo with Sandifer syndrome in South Africa,therapy,5,Mistral,False,recommendation,[],True,9
739,Compare efficacy of alginate vs PPIs for infant GERD in Nigeria,comparison,3,TinyLlama,True,therapy,[],False,9
740,How does GERD affect sleep in children?,general,3,Mistral,False,recommendation,[],False,6
741,What are nutritional considerations for fundoplication surgery?,general,4,Mistral,False,therapy,[],True,7
742,Compare growth patterns of preterm infants fed mother's milk vs formula in Kenya,comparison,4,Mistral,True,therapy,[],False,11
743,How does donor human milk affect preterm gut microbiome?,general,4,Mistral,False,recommendation,[],True,8
744,Recommend strategies to support breastfeeding in mothers of preterm infants in Ghana,recommendation,3,TinyLlama,True,therapy,[],False,11
745,Medical nutrition therapy for a 5-month-old with preterm history and iron deficiency in Nigeria,therapy,5,Mistral,False,recommendation,['iron'],True,13
746,What is the role of lactoferrin in preterm nutrition?,general,4,Mistral,False,recommendation,[],False,7
747,Recommend carbohydrate counting tools for a 10yo with T1D in India,recommendation,3,TinyLlama,True,therapy,['carbohydrate'],False,9
748,Compare insulin pump vs MDI for glycemic variability in T1D teens in South Africa,comparison,4,Mistral,True,therapy,['glucose'],False,12
749,How does exercise timing affect hypoglycemia risk in T1D?,general,4,Mistral,False,recommendation,[],False,8
750,Medical nutrition therapy for a 13yo with T1D and insulin resistance in Kenya,therapy,5,Mistral,False,recommendation,['hba1c'],True,11
751,Recommend culturally appropriate meal plans for Ramadan in a child with T1D in Nigeria,recommendation,5,Mistral,True,therapy,[],True,12
752,Compare allergen labeling laws in Nigeria vs South Africa for food-allergic children,comparison,3,TinyLlama,True,therapy,[],False,11
753,How effective are school allergy action plans in Africa?,general,3,TinyLlama,False,recommendation,[],False,8
754,Recommend emergency epinephrine storage strategies in hot climates for allergic children in Ghana,recommendation,4,Mistral,True,therapy,[],False,12
755,Medical nutrition therapy for a 4yo with alpha-gal syndrome in India,therapy,5,Mistral,False,recommendation,[],True,9
756,Compare hidden mammalian meat derivatives in local processed foods in Nigeria,comparison,4,Mistral,True,therapy,[],False,10
757,How does alpha-gal differ from typical IgE-mediated allergy?,general,4,Mistral,False,recommendation,[],False,8
758,Nutrition therapy for a 7yo with CF and osteopenia in South Africa,therapy,5,Mistral,False,recommendation,['vitamin_d','calcium'],True,10
759,Recommend calcium-fortified local foods for a child with CF in Kenya,recommendation,4,Mistral,True,therapy,['calcium'],True,10
760,Compare vitamin D absorption with different CFTR modulators in Ghana,comparison,4,Mistral,True,therapy,['vitamin_d'],False,9
761,How do CFTR modulators affect nutritional status?,general,4,Mistral,False,recommendation,[],False,7
762,What is the role of DEXA scanning in CF bone health?,general,4,Mistral,False,therapy,[],False,8
763,Medical nutrition therapy for a 5yo with citrin deficiency in Nigeria,therapy,5,Mistral,False,recommendation,['ammonia'],True,9
764,Recommend high-carbohydrate, low-protein diet for a child with citrin deficiency in India,recommendation,5,Mistral,True,therapy,['protein','carbohydrate'],True,13
765,Compare sucrose tolerance in citrin deficiency vs healthy children in South Africa,comparison,4,Mistral,True,therapy,['sucrose'],False,10
766,How does citrin deficiency present in older children?,general,4,Mistral,False,recommendation,[],True,7
767,What labs are diagnostic for citrin deficiency?,general,4,Mistral,False,therapy,['ammonia','citrulline'],True,6
768,Ketogenic diet for a 6yo with Dravet syndrome on stiripentol in Kenya,therapy,5,Mistral,False,recommendation,['weight'],True,10
769,Recommend ways to manage stiripentol-induced appetite loss with keto in Nigeria,recommendation,5,Mistral,True,therapy,[],True,11
770,Compare drug interactions between clobazam and ketogenic diet in Ghana,comparison,4,Mistral,True,therapy,[],False,9
771,How does the ketogenic diet affect stiripentol levels?,general,4,Mistral,False,recommendation,[],True,8
772,What is the role of vagus nerve stimulation alongside keto?,general,3,Mistral,False,therapy,[],False,8
773,Nutrition therapy for a 8yo with CKD stage 3 and growth failure in India,therapy,5,Mistral,False,recommendation,['egfr','weight'],True,11
774,Recommend growth-promoting, kidney-safe meals for a child with CKD in South Africa,recommendation,5,Mistral,True,therapy,['protein'],True,11
775,Compare IGF-1 levels in children with CKD on different protein intakes in Nigeria,comparison,4,Mistral,True,therapy,['igf1'],False,11
776,How does metabolic acidosis affect growth in CKD?,general,4,Mistral,False,therapy,[],True,7
777,What is the role of ketoanalogues in pediatric CKD?,general,4,Mistral,False,recommendation,[],True,7
778,Medical nutrition therapy for a 6yo with Crohn’s disease on infliximab in Kenya,therapy,5,Mistral,False,recommendation,['fecal_calprotectin'],True,11
779,Recommend anti-TNF diet strategies for a child with IBD in Ghana,recommendation,4,Mistral,True,therapy,[],False,10
780,Compare microbiome changes with exclusive enteral nutrition in Nigeria,comparison,4,Mistral,True,therapy,[],False,8
781,How does infliximab affect nutrient absorption?,general,4,Mistral,False,recommendation,[],False,6
782,What are nutritional biomarkers of IBD remission?,general,4,Mistral,False,therapy,['crp','albumin'],True,7
783,Recommend thickened, calorie-dense meals for a 4yo with GERD and failure to thrive in India,recommendation,5,Mistral,True,therapy,[],True,13
784,Medical nutrition therapy for a 3yo with rumination syndrome in South Africa,therapy,4,Mistral,False,recommendation,[],True,9
785,Compare behavioral vs nutritional interventions for rumination in Nigeria,comparison,3,TinyLlama,True,therapy,[],False,8
786,How does rumination affect growth?,general,3,Mistral,False,recommendation,[],False,5
787,What is the role of diaphragmatic breathing in rumination management?,general,3,TinyLlama,False,therapy,[],False,8
788,Recommend high-energy preterm weaning foods using local grains in Kenya,recommendation,4,Mistral,True,therapy,[],False,10
789,Medical nutrition therapy for a 6-month-old with preterm history and cholestatic liver disease in Ghana,therapy,5,Mistral,False,recommendation,['bilirubin'],True,13
790,Compare MCT oil tolerance in preterm vs term infants in Nigeria,comparison,4,Mistral,True,therapy,['fat'],False,9
791,How does cholestasis affect fat-soluble vitamin absorption in preterms?,general,4,Mistral,False,therapy,['vitamin_a','vitamin_d','vitamin_e','vitamin_k'],True,9
792,What is the role of ursodeoxycholic acid in preterm nutrition?,general,4,Mistral,False,recommendation,[],False,8
793,Recommend insulin-to-carb ratios for a 11yo with T1D in India,recommendation,4,Mistral,True,therapy,['insulin','carbohydrate'],True,10
794,Compare HbA1c targets for children vs adults with T1D in South Africa,comparison,3,TinyLlama,True,therapy,['hba1c'],False,10
795,How does continuous glucose monitoring improve time-in-range in T1D?,general,4,Mistral,False,recommendation,['glucose'],False,9
796,Medical nutrition therapy for a 14yo with T1D and disordered eating in Nigeria,therapy,5,Mistral,False,recommendation,[],True,11
797,Recommend non-stigmatizing language for diabetes nutrition counseling in Ghana,recommendation,3,TinyLlama,True,therapy,[],False,9
798,Compare food allergy prevalence in urban vs rural Africa,comparison,3,TinyLlama,True,therapy,[],False,8
799,How does helminth infection affect food allergy risk?,general,4,Mistral,False,recommendation,[],False,7
800,Recommend allergy-safe school lunch ideas in Kenya,recommendation,4,Mistral,True,therapy,[],False,8
801,Medical nutrition therapy for a 5yo with food protein-induced allergic proctocolitis in India,therapy,5,Mistral,False,recommendation,[],True,12
802,Compare maternal elimination diet efficacy for FPIAP in South Africa,comparison,4,Mistral,True,therapy,[],False,9
803,How is FPIAP different from IBD?,general,3,Mistral,False,recommendation,[],False,6
804,What is the prognosis of FPIAP?,general,3,TinyLlama,False,therapy,[],False,5
805,Nutrition therapy for a 8yo with CF and CFRD on metformin in Nigeria,therapy,5,Mistral,False,recommendation,['hba1c'],True,10
806,Recommend metformin-compatible meals for a child with CFRD in Kenya,recommendation,4,Mistral,True,therapy,['carbohydrate'],True,9
807,Compare metformin side effects in CFRD vs type 2 diabetes in Ghana,comparison,3,TinyLlama,True,therapy,['vitamin_b12'],False,9
808,How does metformin affect B12 in children with CFRD?,general,4,Mistral,False,recommendation,['vitamin_b12'],True,8
809,What is the role of GLP-1 agonists in CFRD?,general,4,Mistral,False,therapy,[],True,7
810,Medical nutrition therapy for a 4yo with urea cycle disorder during hyperammonemic crisis in India,therapy,5,Mistral,False,recommendation,['ammonia'],True,13
811,Recommend emergency high-dextrose fluids for a child with UCD in South Africa,recommendation,5,Mistral,True,therapy,[],True,10
812,Compare nitrogen scavenger efficacy in different UCDs in Nigeria,comparison,4,Mistral,True,therapy,[],False,8
813,How is ammonia monitored in UCDs?,general,4,Mistral,False,recommendation,['ammonia'],False,6
814,What are signs of hyperammonemia in infants?,general,4,Mistral,False,therapy,[],True,7
815,Ketogenic diet for a 7yo with Doose syndrome in Kenya,therapy,5,Mistral,False,recommendation,['weight'],True,8
816,Recommend ways to prevent kidney stones on long-term keto in Nigeria,recommendation,5,Mistral,True,therapy,['oxalate','citrate'],True,10
817,Compare citrate supplementation strategies in keto-induced stones in Ghana,comparison,4,Mistral,True,therapy,['citrate'],False,8
818,How does the ketogenic diet affect uric acid levels?,general,4,Mistral,False,recommendation,['uric_acid'],False,8
819,What is the role of urine pH in stone prevention?,general,3,Mistral,False,therapy,['ph'],False,8
820,Nutrition therapy for a 9yo with CKD stage 4 and secondary hyperparathyroidism in India,therapy,5,Mistral,False,recommendation,['pth','calcium','phosphate'],True,12
821,Recommend calcimimetic-compatible meals for a child with CKD in South Africa,recommendation,5,Mistral,True,therapy,['calcium'],True,9
822,Compare vitamin D analogs in pediatric CKD-MBD in Nigeria,comparison,4,Mistral,True,therapy,['vitamin_d'],False,8
823,How is CKD-MBD staged in children?,general,4,Mistral,False,recommendation,['pth','calcium','phosphate'],True,7
824,What is the role of parathyroidectomy in CKD?,general,4,Mistral,False,therapy,[],True,7
825,Medical nutrition therapy for a 5yo with indeterminate colitis in Kenya,therapy,4,Mistral,False,recommendation,[],True,8
826,Recommend low-residue, high-protein meals for a child with IBD in Ghana,recommendation,5,Mistral,True,therapy,['protein'],True,10
827,Compare fecal calprotectin cutoffs for IBD vs IBS in Nigeria,comparison,4,Mistral,True,therapy,['fecal_calprotectin'],False,9
828,How does CRP correlate with IBD activity?,general,4,Mistral,False,recommendation,['crp'],False,6
829,What is the role of fecal microbiota transplantation in IBD?,general,4,Mistral,False,therapy,[],True,8
830,Recommend anti-reflux positioning strategies with feeds for GERD in India,recommendation,3,TinyLlama,True,therapy,[],False,9
831,Medical nutrition therapy for a 4yo with laryngopharyngeal reflux in South Africa,therapy,4,Mistral,False,recommendation,[],True,9
832,Compare pH-impedance monitoring findings in typical vs atypical GERD in Nigeria,comparison,4,Mistral,True,therapy,[],False,9
833,How does LPR affect voice in children?,general,3,Mistral,False,recommendation,[],False,6
834,What dietary changes help LPR?,general,3,TinyLlama,False,therapy,[],False,5
835,Compare growth velocity of preterm infants with BPD vs without in Kenya,comparison,4,Mistral,True,therapy,[],False,10
836,How does oxygen therapy affect preterm energy expenditure?,general,4,Mistral,False,recommendation,[],True,7
837,Recommend high-calorie fortifiers for preterm infants in Ghana,recommendation,4,Mistral,True,therapy,[],False,8
838,Medical nutrition therapy for a 7-month-old with preterm history and iron deficiency anemia in Nigeria,therapy,5,Mistral,False,recommendation,['iron','ferritin'],True,14
839,What is the role of delayed cord clamping in preterm iron stores?,general,4,Mistral,False,therapy,['iron'],True,9
840,How does erythropoietin affect preterm nutrition?,general,4,Mistral,False,recommendation,[],False,6
841,Recommend carb-to-insulin ratios for a 12yo with T1D in India,recommendation,4,Mistral,True,therapy,['insulin','carbohydrate'],True,10
842,Compare dawn phenomenon management strategies in T1D teens in South Africa,comparison,4,Mistral,True,therapy,['glucose'],False,8
843,How does menstrual cycle affect glycemic control in adolescent girls with T1D?,general,4,Mistral,False,recommendation,[],False,10
844,Medical nutrition therapy for a 15yo with T1D and pregnancy in Nigeria,therapy,5,Mistral,False,recommendation,['hba1c'],True,10
845,Recommend preconception nutrition for adolescents with T1D in Kenya,recommendation,4,Mistral,True,therapy,['folic_acid'],True,8
846,Compare food allergy outcomes with early introduction in EAT vs LEAP trials,comparison,3,TinyLlama,True,therapy,[],False,9
847,How effective is baked egg desensitization?,general,4,Mistral,False,recommendation,[],False,5
848,Recommend maintenance diet after oral immunotherapy in Ghana,recommendation,4,Mistral,True,therapy,[],False,8
849,Medical nutrition therapy for a 6yo with eosinophilic gastritis in India,therapy,5,Mistral,False,recommendation,[],True,9
850,Compare six-food vs four-food elimination diets for EoE in South Africa,comparison,4,Mistral,True,therapy,[],False,10
851,How is EoE diagnosed endoscopically?,general,3,Mistral,False,recommendation,[],False,5
852,What is the role of PPIs in EoE?,general,3,Mistral,False,therapy,[],False,6
853,Nutrition therapy for a 9yo with CF and CFRD on SGLT2 inhibitor in Nigeria,therapy,5,Mistral,False,recommendation,['hba1c'],True,11
854,Recommend SGLT2 inhibitor-compatible meals for a child with CFRD in Kenya,recommendation,4,Mistral,True,therapy,['carbohydrate'],True,10
855,Compare SGLT2 inhibitor side effects in CFRD vs type 2 diabetes in Ghana,comparison,3,TinyLlama,True,therapy,[],False,9
856,How do SGLT2 inhibitors affect ketone risk in CFRD?,general,4,Mistral,False,recommendation,['ketones'],True,8
857,What is the role of CGM in SGLT2 inhibitor therapy?,general,4,Mistral,False,therapy,['glucose'],False,8
858,Medical nutrition therapy for a 5yo with glutaric aciduria type 1 in India,therapy,5,Mistral,False,recommendation,['lysine','tryptophan'],True,10
859,Recommend lysine-restricted local foods for a child with GA1 in South Africa,recommendation,5,Mistral,True,therapy,['lysine'],True,11
860,Compare emergency regimen for GA1 during illness in Nigeria,comparison,4,Mistral,True,therapy,[],False,8
861,How is GA1 monitored biochemically?,general,4,Mistral,False,recommendation,['glutaric_acid'],True,5
862,What are striatal injury risks in GA1?,general,4,Mistral,False,therapy,[],True,6
863,Ketogenic diet for a 6yo with febrile infection-related epilepsy syndrome in Kenya,therapy,5,Mistral,False,recommendation,['weight'],True,11
864,Recommend infection-prevention strategies on ketogenic diet in Nigeria,recommendation,4,Mistral,True,therapy,[],False,8
865,Compare immune function in children on classic vs MCT keto in Ghana,comparison,4,Mistral,True,therapy,[],False,9
866,How does the ketogenic diet affect vaccine response?,general,4,Mistral,False,recommendation,[],False,7
867,What is the role of zinc in keto immune support?,general,4,Mistral,False,therapy,['zinc'],False,8
868,Nutrition therapy for a 10yo with CKD stage 5 on dialysis in India,therapy,5,Mistral,False,recommendation,['egfr','potassium','phosphate'],True,11
869,Recommend dialysis-compatible meals for a child with CKD in South Africa,recommendation,5,Mistral,True,therapy,['potassium','phosphate'],True,9
870,Compare fluid restrictions on hemodialysis vs peritoneal dialysis in Nigeria,comparison,4,Mistral,True,therapy,['fluid'],False,9
871,How does dialysis affect protein requirements?,general,4,Mistral,False,recommendation,['protein'],True,6
872,What is the role of renal vitamins in dialysis?,general,4,Mistral,False,therapy,[],False,7
873,Medical nutrition therapy for a 7yo with very early onset IBD in Kenya,therapy,5,Mistral,False,recommendation,['fecal_calprotectin'],True,10
874,Recommend elemental formula strategies for VEO-IBD in Ghana,recommendation,5,Mistral,True,therapy,[],True,8
875,Compare genetic testing yield in VEO-IBD vs older onset in Nigeria,comparison,4,Mistral,True,therapy,[],False,9
876,How does VEO-IBD differ phenotypically?,general,4,Mistral,False,recommendation,[],False,5
877,What is the role of hematopoietic stem cell transplant in VEO-IBD?,general,5,Mistral,False,therapy,[],True,9
878,Recommend thickened, nutrient-dense smoothies for a 5yo with GERD in India,recommendation,4,Mistral,True,therapy,[],False,10
879,Medical nutrition therapy for a 4yo with eosinophilic esophagitis unresponsive to PPI in South Africa,therapy,5,Mistral,False,recommendation,[],True,12
880,Compare topical steroid efficacy with dietary elimination in EoE in Nigeria,comparison,4,Mistral,True,therapy,[],False,9
881,How is EoE remission defined histologically?,general,4,Mistral,False,recommendation,[],False,6
882,What is the role of biologics in EoE?,general,4,Mistral,False,therapy,[],True,6
883,Compare preterm growth charts: WHO vs INTERGROWTH in Kenya,comparison,3,TinyLlama,True,therapy,[],False,8
884,How does kangaroo mother care affect preterm feeding outcomes?,general,4,Mistral,False,recommendation,[],True,8
885,Recommend strategies to prevent necrotizing enterocolitis in preterm infants in Ghana,recommendation,4,Mistral,True,therapy,[],True,10
886,Medical nutrition therapy for a 6-month-old with preterm history and osteopenia in Nigeria,therapy,5,Mistral,False,recommendation,['calcium','phosphate'],True,12
887,What is the role of vitamin K in preterm bone health?,general,4,Mistral,False,therapy,['vitamin_k'],False,8
888,How does caffeine affect preterm nutrition?,general,4,Mistral,False,recommendation,[],False,5
889,Recommend insulin adjustment strategies for sick days in a 10yo with T1D in India,recommendation,5,Mistral,True,therapy,['glucose'],True,11
890,Compare ketone monitoring methods in pediatric DKA prevention in South Africa,comparison,4,Mistral,True,therapy,['ketones'],False,9
891,How does illness affect insulin sensitivity in T1D?,general,4,Mistral,False,recommendation,[],False,7
892,Medical nutrition therapy for a 13yo with T1D and celiac disease in Nigeria,therapy,5,Mistral,False,recommendation,['hba1c'],True,11
893,Recommend gluten-free, low-glycemic local meals for T1D in Kenya,recommendation,4,Mistral,True,therapy,['glycemic_index'],True,10
894,Compare gluten-free grain glycemic indices in Ghana,comparison,3,TinyLlama,True,therapy,['glycemic_index'],False,7
895,How does celiac disease affect HbA1c interpretation?,general,4,Mistral,False,recommendation,['hba1c'],True,6
896,Medical nutrition therapy for a 3yo with food protein-induced enterocolitis syndrome to rice in India,therapy,5,Mistral,False,recommendation,[],True,13
897,Recommend safe weaning sequence for FPIES in South Africa,recommendation,5,Mistral,True,therapy,[],True,8
898,Compare FPIES triggers in African vs Western diets in Nigeria,comparison,4,Mistral,True,therapy,[],False,9
899,How is FPIES diagnosed without testing?,general,3,Mistral,False,recommendation,[],False,6
900,What is the natural history of FPIES?,general,3,TinyLlama,False,therapy,[],False,6
901,Nutrition therapy for a 8yo with CF and allergic bronchopulmonary aspergillosis on steroids in Kenya,therapy,5,Mistral,False,recommendation,[],True,13
902,Recommend steroid-sparing, anti-inflammatory meals for CF in Ghana,recommendation,4,Mistral,True,therapy,[],False,9
903,Compare bone density outcomes in CF children on chronic steroids in Nigeria,comparison,4,Mistral,True,therapy,['vitamin_d','calcium'],False,10
904,How do steroids affect glucose metabolism in CF?,general,4,Mistral,False,recommendation,['glucose'],True,7
905,What is the role of bisphosphonates in CF bone disease?,general,4,Mistral,False,therapy,[],True,7
906,Medical nutrition therapy for a 6yo with methylmalonic acidemia during illness in India,therapy,5,Mistral,False,recommendation,['ammonia','lactate'],True,12
907,Recommend emergency high-carbohydrate, low-protein fluids for organic acidemia in South Africa,recommendation,5,Mistral,True,therapy,['protein','carbohydrate'],True,13
908,Compare carnitine dosing in different organic acidemias in Nigeria,comparison,4,Mistral,True,therapy,['carnitine'],False,8
909,How is metabolic stroke prevented in organic acidemias?,general,4,Mistral,False,recommendation,[],True,7
910,What is the role of liver transplant in organic acidemias?,general,4,Mistral,False,therapy,[],True,7
911,Ketogenic diet for a 5yo with CDKL5 deficiency disorder in Kenya,therapy,5,Mistral,False,recommendation,['weight'],True,8
912,Recommend ways to manage constipation on keto in Nigeria,recommendation,4,Mistral,True,therapy,[],False,8
913,Compare seizure types responsive to ketogenic diet in Ghana,comparison,4,Mistral,True,therapy,[],False,8
914,How does the ketogenic diet affect behavior in developmental disorders?,general,4,Mistral,False,recommendation,[],False,9
915,What is the role of modified Atkins diet in resource-limited settings?,general,4,Mistral,False,therapy,[],False,9
916,Nutrition therapy for a 11yo with CKD stage 3 and metabolic acidosis in India,therapy,5,Mistral,False,recommendation,['bicarbonate'],True,10
917,Recommend bicarbonate-rich, kidney-safe meals for a child with CKD in South Africa,recommendation,5,Mistral,True,therapy,['bicarbonate'],True,10
918,Compare serum bicarbonate targets in pediatric CKD guidelines in Nigeria,comparison,4,Mistral,True,therapy,['bicarbonate'],False,9
919,How does metabolic acidosis affect muscle mass in CKD?,general,4,Mistral,False,recommendation,[],True,8
920,What is the role of fruit-derived alkali in CKD?,general,4,Mistral,False,therapy,[],False,7
921,Medical nutrition therapy for a 6yo with Crohn’s disease and perianal fistula in Kenya,therapy,5,Mistral,False,recommendation,['fecal_calprotectin'],True,11
922,Recommend low-residue, high-zinc meals for fistula healing in Ghana,recommendation,5,Mistral,True,therapy,['zinc'],True,9
923,Compare antibiotic efficacy with nutritional support in perianal Crohn’s in Nigeria,comparison,4,Mistral,True,therapy,[],False,9
924,How does zinc affect wound healing in IBD?,general,4,Mistral,False,recommendation,['zinc'],False,7
925,What is the role of seton placement in fistulizing Crohn’s?,general,4,Mistral,False,therapy,[],False,8
926,Recommend high-calorie, easy-to-swallow meals for a 4yo with GERD and oral aversion in India,recommendation,5,Mistral,True,therapy,[],True,12
927,Medical nutrition therapy for a 5yo with cyclic vomiting syndrome in South Africa,therapy,4,Mistral,False,recommendation,[],True,9
928,Compare mitochondrial disorder screening in CVS in Nigeria,comparison,4,Mistral,True,therapy,[],False,7
929,How does coenzyme Q10 affect CVS?,general,4,Mistral,False,recommendation,['coq10'],False,6
930,What is the role of carnitine in CVS?,general,4,Mistral,False,therapy,['carnitine'],False,6
931,Compare preterm iron supplementation protocols: ESPGHAN vs local guidelines in Kenya,comparison,4,Mistral,True,therapy,['iron'],False,10
932,How does iron deficiency affect neurodevelopment in preterms?,general,4,Mistral,False,recommendation,['iron'],True,7
933,Recommend iron-fortified local complementary foods for preterms in Ghana,recommendation,4,Mistral,True,therapy,['iron'],False,9
934,Medical nutrition therapy for a 7-month-old with preterm history and vitamin D deficiency in Nigeria,therapy,5,Mistral,False,recommendation,['vitamin_d'],True,13
935,What is the role of sunlight exposure in preterm vitamin D status?,general,4,Mistral,False,therapy,['vitamin_d'],False,8
936,Recommend carb distribution for a 14yo with T1D on college schedule in India,recommendation,4,Mistral,True,therapy,['carbohydrate'],True,11
937,Compare insulin pump site rotation strategies in hot climates in South Africa,comparison,3,TinyLlama,True,therapy,[],False,9
938,How does alcohol affect T1D in adolescents?,general,4,Mistral,False,recommendation,[],True,6
939,Medical nutrition therapy for a 16yo with T1D and pregnancy in Nigeria,therapy,5,Mistral,False,recommendation,['hba1c'],True,10
940,Recommend preconception folic acid dose for adolescents with T1D in Kenya,recommendation,4,Mistral,True,therapy,['folic_acid'],True,9
941,Compare food allergy resolution rates by allergen in Ghana,comparison,3,TinyLlama,True,therapy,[],False,8
942,How does eczema severity predict food allergy persistence?,general,4,Mistral,False,recommendation,[],False,7
943,Recommend reintroduction protocols for resolved milk allergy in Nigeria,recommendation,4,Mistral,True,therapy,[],False,8
944,Medical nutrition therapy for a 7yo with food-dependent exercise-induced anaphylaxis in India,therapy,5,Mistral,False,recommendation,[],True,11
945,Compare safe exercise timing after eating in FDEIA in South Africa,comparison,4,Mistral,True,therapy,[],False,9
946,How is FDEIA diagnosed?,general,3,Mistral,False,recommendation,[],False,4
947,Nutrition therapy for a 9yo with CF and CFRD on insulin pump in Kenya,therapy,5,Mistral,False,recommendation,['hba1c'],True,10
948,Recommend pump-compatible meal timing for CFRD in Ghana,recommendation,4,Mistral,True,therapy,['carbohydrate'],True,8
949,Compare insulin absorption with CF-related skin changes in Nigeria,comparison,4,Mistral,True,therapy,[],False,8
950,How does CFRD affect lung function decline?,general,4,Mistral,False,recommendation,[],True,6
951,What is the role of annual OGTT in CF?,general,4,Mistral,False,therapy,[],False,7
952,Medical nutrition therapy for a 5yo with argininosuccinic aciduria in India,therapy,5,Mistral,False,recommendation,['ammonia'],True,9
953,Recommend arginine supplementation strategies in ASA in South Africa,recommendation,5,Mistral,True,therapy,['arginine'],True,8
954,Compare liver fibrosis risk in different urea cycle disorders in Nigeria,comparison,4,Mistral,True,therapy,[],False,9
955,How is ASA monitored long-term?,general,4,Mistral,False,recommendation,['ammonia','arginine'],False,5
956,What is the role of liver transplant in ASA?,general,4,Mistral,False,therapy,[],True,6
957,Ketogenic diet for a 6yo with myoclonic-astatic epilepsy in Kenya,therapy,5,Mistral,False,recommendation,['weight'],True,8
958,Recommend ways to prevent dyslipidemia on long-term keto in Nigeria,recommendation,5,Mistral,True,therapy,['lipids'],True,9
959,Compare lipid-lowering strategies in pediatric keto in Ghana,comparison,4,Mistral,True,therapy,['lipids'],False,8
960,How does the ketogenic diet affect endothelial function?,general,4,Mistral,False,recommendation,[],True,6
961,What is the role of omega-3 in keto cardiovascular protection?,general,4,Mistral,False,therapy,['omega_3'],False,8
962,Nutrition therapy for a 12yo with CKD stage 4 and growth hormone deficiency in India,therapy,5,Mistral,False,recommendation,['egfr','igf1'],True,11
963,Recommend growth hormone-compatible meals for CKD in South Africa,recommendation,5,Mistral,True,therapy,['protein'],True,8
964,Compare IGF-1 response to nutritional rehabilitation in CKD in Nigeria,comparison,4,Mistral,True,therapy,['igf1'],False,9
965,How does growth hormone affect phosphate metabolism in CKD?,general,4,Mistral,False,recommendation,['phosphate'],True,8
966,What is the role of rhGH in pediatric CKD?,general,4,Mistral,False,therapy,[],True,6
967,Medical nutrition therapy for a 7yo with ulcerative colitis and primary sclerosing cholangitis in Kenya,therapy,5,Mistral,False,recommendation,['bilirubin'],True,12
968,Recommend fat-soluble vitamin monitoring for PSC-IBD in Ghana,recommendation,5,Mistral,True,therapy,['vitamin_a','vitamin_d','vitamin_e','vitamin_k'],True,10
969,Compare liver enzyme patterns in PSC vs autoimmune hepatitis in Nigeria,comparison,4,Mistral,True,therapy,['alt','ast'],False,9
970,How does PSC affect nutrition in IBD?,general,4,Mistral,False,recommendation,[],True,6
971,What is the role of UDCA in PSC?,general,4,Mistral,False,therapy,[],False,5
972,Recommend high-calorie, low-acid meals for a 5yo with GERD and esophagitis in India,recommendation,5,Mistral,True,therapy,[],True,11
973,Medical nutrition therapy for a 4yo with eosinophilic colitis in South Africa,therapy,5,Mistral,False,recommendation,[],True,8
974,Compare elimination diet efficacy in EoC vs EoE in Nigeria,comparison,4,Mistral,True,therapy,[],False,8
975,How is EoC diagnosed?,general,3,Mistral,False,recommendation,[],False,4
976,What is the natural history of EoC?,general,3,TinyLlama,False,therapy,[],False,5
977,Compare preterm DHA supplementation outcomes on neurodevelopment in Kenya,comparison,4,Mistral,True,therapy,['dha'],False,8
978,How does DHA affect visual acuity in preterms?,general,4,Mistral,False,recommendation,['dha'],False,7
979,Recommend DHA-rich local foods for preterm mothers in Ghana,recommendation,4,Mistral,True,therapy,['dha'],False,9
980,Medical nutrition therapy for a 8-month-old with preterm history and zinc deficiency in Nigeria,therapy,5,Mistral,False,recommendation,['zinc'],True,12
981,What is the role of zinc in preterm immune function?,general,4,Mistral,False,therapy,['zinc'],False,7
982,How does zinc deficiency present in preterms?,general,4,Mistral,False,recommendation,['zinc'],False,6
983,Recommend insulin dose adjustment for high-fat meals in a 13yo with T1D in India,recommendation,5,Mistral,True,therapy,['insulin'],True,12
984,Compare fat-protein unit calculation methods in T1D in South Africa,comparison,4,Mistral,True,therapy,['fat','protein'],False,9
985,How does fat affect postprandial glucose in T1D?,general,4,Mistral,False,recommendation,['glucose'],False,7
986,Medical nutrition therapy for a 15yo with T1D and lipohypertrophy in Nigeria,therapy,5,Mistral,False,recommendation,[],True,9
987,Recommend site rotation strategies with cultural clothing in Kenya,recommendation,3,TinyLlama,True,therapy,[],False,8
988,Compare food allergy prevalence in atopic vs non-atopic children in Ghana,comparison,3,TinyLlama,True,therapy,[],False,9
989,How does atopy affect food allergy severity?,general,4,Mistral,False,recommendation,[],False,6
990,Recommend allergy action plans for school in Nigeria,recommendation,3,TinyLlama,True,therapy,[],False,7
991,Medical nutrition therapy for a 6yo with food allergy and anaphylaxis to cashew in India,therapy,5,Mistral,False,recommendation,[],True,11
992,Compare hidden cashew sources in local Indian sweets in South Africa,comparison,4,Mistral,True,therapy,[],False,9
993,How is cashew allergy different from peanut?,general,4,Mistral,False,recommendation,[],False,6
994,Nutrition therapy for a 10yo with CF and CFRD on GLP-1 agonist in Kenya,therapy,5,Mistral,False,recommendation,['hba1c'],True,10
995,Recommend GLP-1 agonist-compatible meal volumes for CFRD in Ghana,recommendation,4,Mistral,True,therapy,['volume'],True,9
996,Compare GLP-1 agonist side effects in CFRD vs obesity in Nigeria,comparison,3,TinyLlama,True,therapy,[],False,8
997,How do GLP-1 agonists affect pancreatic enzyme efficacy?,general,4,Mistral,False,recommendation,[],True,7
998,What is the role of dual-hormone artificial pancreas in CFRD?,general,4,Mistral,False,therapy,[],True,8
999,Medical nutrition therapy for a 5yo with isovaleric acidemia during illness in India,therapy,5,Mistral,False,recommendation,['ammonia','isovalerylglycine'],True,12
1000,Recommend glycine supplementation for isovaleric acidemia in South Africa,recommendation,5,Mistral,True,therapy,['glycine'],True,8
1001,Compare protein tolerance in isovaleric vs propionic acidemia in Nigeria,comparison,4,Mistral,True,therapy,['protein'],False,9
1002,How is isovaleric acidemia diagnosed?,general,4,Mistral,False,recommendation,['isovalerylglycine'],False,5
1003,What is the odor of isovaleric acidemia?,general,3,TinyLlama,False,therapy,[],False,6
1004,Ketogenic diet for a 7yo with Lennox-Gastaut syndrome on felbamate in Kenya,therapy,5,Mistral,False,recommendation,['weight'],True,10
1005,Recommend liver monitoring strategies on felbamate and keto in Nigeria,recommendation,5,Mistral,True,therapy,['alt','ast'],True,9
1006,Compare felbamate hepatotoxicity risk with other antiepileptics in Ghana,comparison,4,Mistral,True,therapy,[],False,8
1007,How does felbamate affect folate metabolism?,general,4,Mistral,False,recommendation,['folate'],True,6
1008,What is the role of folate supplementation with felbamate?,general,4,Mistral,False,therapy,['folate'],False,7
1009,Nutrition therapy for a 13yo with CKD stage 5 and hyperkalemia in India,therapy,5,Mistral,False,recommendation,['potassium'],True,10
1010,Recommend emergency potassium-lowering dietary strategies in South Africa,recommendation,5,Mistral,True,therapy,['potassium'],True,8
1011,Compare potassium binders with dietary restriction in Nigeria,comparison,4,Mistral,True,therapy,['potassium'],False,8
1012,How does hyperkalemia present in children?,general,4,Mistral,False,recommendation,['potassium'],True,6
1013,What is the role of ECG in hyperkalemia?,general,4,Mistral,False,therapy,[],True,6
1014,Medical nutrition therapy for a 8yo with Crohn’s disease and iron deficiency anemia in Kenya,therapy,5,Mistral,False,recommendation,['iron','ferritin'],True,12
1015,Recommend IV iron vs oral iron strategies in IBD in Ghana,recommendation,5,Mistral,True,therapy,['iron'],True,9
1016,Compare hepcidin levels in IBD anemia vs iron deficiency in Nigeria,comparison,4,Mistral,True,therapy,['hepcidin','ferritin'],False,9
1017,How does inflammation affect iron absorption in IBD?,general,4,Mistral,False,recommendation,['hepcidin','iron'],True,8
1018,What is the role of ferric carboxymaltose in IBD?,general,4,Mistral,False,therapy,['iron'],True,7
1019,Recommend thickened, low-acid, high-calorie meals for a 5yo with GERD and failure to thrive in India,recommendation,5,Mistral,True,therapy,[],True,13
1020,Medical nutrition therapy for a 4yo with Sandifer syndrome and hiatal hernia in South Africa,therapy,5,Mistral,False,recommendation,[],True,10
1021,Compare fundoplication outcomes with medical management in Nigeria,comparison,4,Mistral,True,therapy,[],False,8
1022,How does hiatal hernia affect GERD severity?,general,4,Mistral,False,recommendation,[],False,6
1023,What is the role of pH-impedance testing pre-fundoplication?,general,4,Mistral,False,therapy,[],False,7
1024,Compare preterm probiotic supplementation strains for NEC prevention in Kenya,comparison,4,Mistral,True,therapy,[],False,9
1025,How do probiotics affect preterm gut colonization?,general,4,Mistral,False,recommendation,[],True,6
1026,Recommend evidence-based probiotic strains for preterms in Ghana,recommendation,4,Mistral,True,therapy,[],False,8
1027,Medical nutrition therapy for a 9-month-old with preterm history and vitamin A deficiency in Nigeria,therapy,5,Mistral,False,recommendation,['vitamin_a'],True,13
1028,What is the role of vitamin A in preterm lung development?,general,4,Mistral,False,therapy,['vitamin_a'],True,8
1029,How does vitamin A deficiency present in preterms?,general,4,Mistral,False,recommendation,['vitamin_a'],False,6
1030,Recommend carb counting for a 16yo with T1D starting university in India,recommendation,4,Mistral,True,therapy,['carbohydrate'],True,10
1031,Compare continuous glucose monitoring accuracy in hot climates in South Africa,comparison,4,Mistral,True,therapy,['glucose'],False,8
1032,How does travel affect T1D management?,general,4,Mistral,False,recommendation,[],False,5
1033,Medical nutrition therapy for a 17yo with T1D and eating disorder in Nigeria,therapy,5,Mistral,False,recommendation,[],True,10
1034,Recommend multidisciplinary team approach for T1D and eating disorders in Kenya,recommendation,4,Mistral,True,therapy,[],False,9
1035,Compare long-term outcomes of early vs late food allergy introduction in Ghana,comparison,3,TinyLlama,True,therapy,[],False,9
1036,Medical nutrition therapy for a 7-month-old preterm infant with cholestatic liver disease in Kenya,therapy,5,Mistral,False,recommendation,['bilirubin'],True,13
1037,Recommend MCT oil-fortified local porridges for a preterm infant with fat malabsorption in Nigeria,recommendation,4,Mistral,True,therapy,['fat'],True,14
1038,Compare DHA content in maternal breast milk vs donor milk for preterm infants in Ghana,comparison,4,Mistral,True,recommendation,['dha'],False,13
1039,How does caffeine therapy affect feeding tolerance in preterm infants?,general,4,Mistral,False,therapy,[],False,8
1040,What is the role of probiotics in preventing necrotizing enterocolitis in preterms?,general,4,Mistral,False,recommendation,[],True,9
1041,Nutrition therapy for a 6yo with type 1 diabetes and diabetic ketoacidosis recovery in India,therapy,5,Mistral,False,recommendation,['glucose','ketones'],True,12
1042,Recommend low-glycemic, high-fiber snacks for a 10yo with T1D in South Africa,recommendation,4,Mistral,True,therapy,['glycemic_index','fiber'],True,12
1043,Compare postprandial glucose curves for millet vs sorghum porridge in T1D children in Nigeria,comparison,4,Mistral,True,therapy,['glucose'],False,13
1044,How does insulin pump therapy improve quality of life in pediatric T1D?,general,3,Mistral,False,recommendation,[],False,9
1045,What is the target time-in-range for children with type 1 diabetes?,general,3,Mistral,False,therapy,['glucose'],False,9
1046,Medical nutrition therapy for a 4yo with multiple food allergies and faltering weight in Kenya,therapy,5,Mistral,False,recommendation,[],True,12
1047,Recommend calcium-fortified, allergy-safe breakfast options for a 6yo in Ghana,recommendation,4,Mistral,True,therapy,['calcium'],True,10
1048,Compare allergenic potential of lupin vs soy in milk-allergic children in Nigeria,comparison,4,Mistral,True,recommendation,[],False,10
1049,How effective is epicutaneous immunotherapy for peanut allergy?,general,4,Mistral,False,therapy,[],True,7
1050,What nutrients require monitoring during oral immunotherapy?,general,4,Mistral,False,recommendation,['protein','calories'],False,7
1051,Nutrition therapy for a 7yo with cystic fibrosis and CFRD on insulin in India,therapy,5,Mistral,False,recommendation,['hba1c'],True,11
1052,Recommend high-energy, low-carb local meals for a child with CFRD in South Africa,recommendation,5,Mistral,True,therapy,['carbohydrate'],True,11
1053,Compare glycemic impact of plantain vs yam in CFRD children in Kenya,comparison,4,Mistral,True,therapy,['glycemic_index'],False,11
1054,How does CFRD affect pancreatic enzyme dosing?,general,4,Mistral,False,recommendation,[],False,7
1055,What is the role of annual oral glucose tolerance test in CF?,general,4,Mistral,False,therapy,[],False,9
1056,Medical nutrition therapy for a 5yo with phenylketonuria (Phe 520 µmol/L) in Nigeria,therapy,5,Mistral,False,recommendation,['phenylalanine'],True,11
1057,Recommend low-Phe local grains for a child with PKU in Ghana,recommendation,5,Mistral,True,therapy,['phenylalanine'],True,10
1058,Compare tyrosine content in medical formula vs natural foods for PKU in India,comparison,4,Mistral,True,recommendation,['tyrosine'],False,12
1059,How is blood Phe monitored in resource-limited settings?,general,4,Mistral,False,therapy,['phenylalanine'],True,8
1060,What are neurocognitive outcomes in late-diagnosed PKU?,general,4,Mistral,False,recommendation,[],True,7
1061,Ketogenic diet for a 6yo with West syndrome in Kenya,therapy,5,Mistral,False,recommendation,['weight'],True,8
1062,Recommend selenium and carnitine monitoring schedule for long-term keto in Nigeria,recommendation,4,Mistral,True,therapy,['selenium','carnitine'],True,11
1063,Compare urine ketone vs blood beta-hydroxybutyrate monitoring in pediatric keto in Ghana,comparison,4,Mistral,True,therapy,['ketones'],False,12
1064,How does the ketogenic diet affect bone mineral density?,general,4,Mistral,False,recommendation,['calcium','vitamin_d'],True,8
1065,What is the role of citrate supplementation in keto-induced kidney stones?,general,4,Mistral,False,therapy,['citrate'],True,9
1066,Nutrition therapy for a 8yo with CKD stage 3 and hyperphosphatemia in India,therapy,5,Mistral,False,recommendation,['phosphate'],True,10
1067,Recommend phosphate binder timing with local meals in South Africa,recommendation,5,Mistral,True,therapy,['phosphate'],True,9
1068,Compare potassium content in boiled vs soaked leafy greens for CKD in Nigeria,comparison,4,Mistral,True,therapy,['potassium'],False,12
1069,How does metabolic acidosis contribute to muscle wasting in CKD?,general,4,Mistral,False,recommendation,[],True,8
1070,What is the target serum bicarbonate in pediatric CKD?,general,4,Mistral,False,therapy,['bicarbonate'],False,8
1071,Medical nutrition therapy for a 5yo with Crohn’s disease and vitamin D deficiency in Kenya,therapy,5,Mistral,False,recommendation,['vitamin_d'],True,11
1072,Recommend high-vitamin D, low-fiber foods for a child with IBD in Ghana,recommendation,5,Mistral,True,therapy,['vitamin_d'],True,10
1073,Compare fecal calprotectin response to exclusive enteral nutrition vs steroids in Nigeria,comparison,4,Mistral,True,therapy,['fecal_calprotectin'],False,11
1074,How does exclusive enteral nutrition affect growth in Crohn’s?,general,4,Mistral,False,recommendation,['weight'],True,8
1075,What is the role of vitamin D in mucosal healing in IBD?,general,4,Mistral,False,therapy,['vitamin_d'],True,8
1076,Recommend thickened, nutrient-dense smoothies for a 4yo with GERD and poor intake in India,recommendation,4,Mistral,True,therapy,[],False,11
1077,Medical nutrition therapy for a 3yo with eosinophilic esophagitis on topical steroids in South Africa,therapy,5,Mistral,False,recommendation,[],True,11
1078,Compare six-food elimination diet efficacy vs PPI therapy in Nigeria,comparison,4,Mistral,True,therapy,[],False,9
1079,How is EoE remission confirmed endoscopically?,general,4,Mistral,False,recommendation,[],False,6
1080,What is the role of dietary reintroduction in EoE management?,general,4,Mistral,False,therapy,[],False,8
1081,Compare growth outcomes in preterm infants fed fortified human milk vs formula in Kenya,comparison,4,Mistral,True,therapy,[],False,11
1082,How does kangaroo care affect preterm feeding progression?,general,4,Mistral,False,recommendation,[],True,7
1083,Recommend strategies to prevent iron deficiency in ex-preterm infants in Ghana,recommendation,4,Mistral,True,therapy,['iron'],True,10
1084,Medical nutrition therapy for a 7-month-old with preterm history and vitamin D deficiency in Nigeria,therapy,5,Mistral,False,recommendation,['vitamin_d'],True,13
1085,What is the role of sunlight exposure in preterm vitamin D status?,general,4,Mistral,False,therapy,['vitamin_d'],False,8
1086,Recommend carb distribution for a 14yo with T1D on college schedule in India,recommendation,4,Mistral,True,therapy,['carbohydrate'],True,11
1087,Compare insulin pump site rotation strategies in hot climates in South Africa,comparison,3,TinyLlama,True,therapy,[],False,9
1088,How does alcohol affect T1D in adolescents?,general,4,Mistral,False,recommendation,[],True,6
1089,Medical nutrition therapy for a 16yo with T1D and pregnancy in Nigeria,therapy,5,Mistral,False,recommendation,['hba1c'],True,10
1090,Recommend preconception folic acid dose for adolescents with T1D in Kenya,recommendation,4,Mistral,True,therapy,['folic_acid'],True,9
1091,Compare food allergy resolution rates by allergen in Ghana,comparison,3,TinyLlama,True,therapy,[],False,8
1092,How does eczema severity predict food allergy persistence?,general,4,Mistral,False,recommendation,[],False,7
1093,Recommend reintroduction protocols for resolved milk allergy in Nigeria,recommendation,4,Mistral,True,therapy,[],False,8
1094,Medical nutrition therapy for a 7yo with food-dependent exercise-induced anaphylaxis in India,therapy,5,Mistral,False,recommendation,[],True,11
1095,Compare safe exercise timing after eating in FDEIA in South Africa,comparison,4,Mistral,True,therapy,[],False,9
1096,How is FDEIA diagnosed?,general,3,Mistral,False,recommendation,[],False,4
1097,Nutrition therapy for a 9yo with CF and CFRD on insulin pump in Kenya,therapy,5,Mistral,False,recommendation,['hba1c'],True,10
1098,Recommend pump-compatible meal timing for CFRD in Ghana,recommendation,4,Mistral,True,therapy,['carbohydrate'],True,8
1099,Compare insulin absorption with CF-related skin changes in Nigeria,comparison,4,Mistral,True,therapy,[],False,8
1100,How does CFRD affect lung function decline?,general,4,Mistral,False,recommendation,[],True,6